,Date,Open,High,Low,Close,Adj Close,Volume,Diff
0,2017-06-29,2.7,2.7,2.65,2.7,2.7,53203,0.0
1,2017-06-30,2.68,2.95,2.68,2.95,2.95,21668,0.27
2,2017-07-03,3.02,3.08,3.0,3.0,3.0,61756,-0.020000000000000018
3,2017-07-04,3.0,3.02,2.99,3.0,3.0,64658,0.0
4,2017-07-05,3.0,3.2,2.99,3.18,3.18,443935,0.18000000000000016
5,2017-07-06,3.2,3.2,3.13,3.15,3.15,308738,-0.050000000000000266
6,2017-07-07,3.15,3.18,3.06,3.11,3.11,261677,-0.040000000000000036
7,2017-07-10,3.15,3.15,2.85,2.93,2.93,431289,-0.21999999999999975
8,2017-07-11,2.89,3.07,2.89,3.01,3.01,274609,0.11999999999999966
9,2017-07-12,3.0,3.05,3.0,3.03,3.03,153241,0.029999999999999805
10,2017-07-13,3.03,3.13,3.03,3.05,3.05,1064230,0.020000000000000018
11,2017-07-14,3.06,3.14,3.06,3.1,3.1,617484,0.040000000000000036
12,2017-07-17,3.1,3.1,3.06,3.09,3.09,283953,-0.010000000000000231
13,2017-07-18,3.08,3.1,3.07,3.1,3.1,182952,0.020000000000000018
14,2017-07-19,3.11,3.11,3.09,3.1,3.1,338625,-0.009999999999999787
15,2017-07-20,3.1,3.1,3.07,3.07,3.07,354679,-0.03000000000000025
16,2017-07-21,3.07,3.1,3.07,3.1,3.1,164878,0.03000000000000025
17,2017-07-24,3.1,3.1,3.02,3.02,3.02,254877,-0.08000000000000007
18,2017-07-25,3.04,3.1,3.02,3.06,3.06,151920,0.020000000000000018
19,2017-07-26,3.06,3.1,3.06,3.09,3.09,87030,0.029999999999999805
20,2017-07-27,3.09,3.1,3.05,3.09,3.09,115770,0.0
21,2017-07-28,3.09,3.1,3.05,3.08,3.08,218704,-0.009999999999999787
22,2017-07-31,3.08,3.1,3.05,3.1,3.1,172067,0.020000000000000018
23,2017-08-01,3.1,3.1,3.05,3.08,3.08,134267,-0.020000000000000018
24,2017-08-02,3.08,3.08,3.03,3.05,3.05,100719,-0.03000000000000025
25,2017-08-03,3.05,3.07,3.01,3.05,3.05,67434,0.0
26,2017-08-04,3.07,3.08,3.02,3.07,3.07,80827,0.0
27,2017-08-07,3.07,3.07,3.03,3.07,3.07,185869,0.0
28,2017-08-08,3.07,3.07,3.03,3.05,3.05,266708,-0.020000000000000018
29,2017-08-09,3.06,3.08,3.03,3.05,3.05,124166,-0.010000000000000231
30,2017-08-10,3.05,3.07,3.01,3.04,3.04,201082,-0.009999999999999787
31,2017-08-11,3.01,3.01,2.96,2.97,2.97,176465,-0.03999999999999959
32,2017-08-14,2.96,3.04,2.95,3.04,3.04,232646,0.08000000000000007
33,2017-08-15,3.04,3.05,2.95,3.0,3.0,93835,-0.040000000000000036
34,2017-08-16,3.0,3.01,2.94,3.01,3.01,104383,0.009999999999999787
35,2017-08-17,3.02,3.04,2.98,3.0,3.0,358010,-0.020000000000000018
36,2017-08-18,3.0,3.05,2.94,3.05,3.05,202072,0.04999999999999982
37,2017-08-21,3.06,3.1,3.06,3.09,3.09,1255210,0.029999999999999805
38,2017-08-22,3.09,3.13,3.07,3.09,3.09,1163605,0.0
39,2017-08-23,3.09,3.11,3.08,3.09,3.09,457114,0.0
40,2017-08-24,3.09,3.24,3.05,3.24,3.24,2201751,0.15000000000000036
41,2017-08-25,3.32,3.64,3.31,3.6,3.6,1787174,0.28000000000000025
42,2017-08-28,3.62,3.725,3.53,3.54,3.54,772445,-0.08000000000000007
43,2017-08-29,3.56,3.59,3.47,3.53,3.53,798835,-0.03000000000000025
44,2017-08-30,3.58,3.73,3.57,3.66,3.66,1929362,0.08000000000000007
45,2017-08-31,3.7,3.89,3.66,3.77,3.77,1433269,0.06999999999999984
46,2017-09-01,3.84,3.9,3.82,3.86,3.86,1212541,0.020000000000000018
47,2017-09-04,3.89,3.89,3.8,3.85,3.85,381518,-0.040000000000000036
48,2017-09-05,3.84,3.85,3.77,3.84,3.84,502613,0.0
49,2017-09-06,3.83,3.84,3.79,3.8,3.8,931283,-0.03000000000000025
50,2017-09-07,3.82,3.84,3.78,3.8,3.8,692996,-0.020000000000000018
51,2017-09-08,3.85,3.88,3.81,3.87,3.87,468070,0.020000000000000018
52,2017-09-11,3.88,3.88,3.85,3.87,3.87,301910,-0.009999999999999787
53,2017-09-12,3.87,4.0,3.87,4.0,4.0,525505,0.1299999999999999
54,2017-09-13,4.15,4.42,4.15,4.38,4.38,1908638,0.22999999999999954
55,2017-09-14,4.48,4.75,4.48,4.6,4.6,1595031,0.11999999999999922
56,2017-09-15,4.6,4.63,4.44,4.45,4.45,2700843,-0.14999999999999947
57,2017-09-18,4.45,4.48,4.26,4.28,4.28,535685,-0.16999999999999993
58,2017-09-19,4.25,4.46,4.23,4.34,4.34,651779,0.08999999999999986
59,2017-09-20,4.36,4.39,4.27,4.28,4.28,382973,-0.08000000000000007
60,2017-09-21,4.34,4.44,4.3,4.34,4.34,820437,0.0
61,2017-09-22,4.36,4.4,4.27,4.3,4.3,352502,-0.0600000000000005
62,2017-09-25,4.32,4.35,4.25,4.25,4.25,452671,-0.07000000000000028
63,2017-09-26,4.22,4.23,4.07,4.15,4.15,594756,-0.0699999999999994
64,2017-09-27,4.36,4.4,4.1,4.11,4.11,1097857,-0.25
65,2017-09-28,4.18,4.18,4.03,4.08,4.08,1669989,-0.09999999999999964
66,2017-09-29,4.14,4.21,4.09,4.18,4.18,303129,0.040000000000000036
67,2017-10-02,4.23,4.33,4.2,4.31,4.31,221777,0.07999999999999918
68,2017-10-03,4.33,4.38,4.17,4.2,4.2,469718,-0.1299999999999999
69,2017-10-04,4.2,4.25,4.15,4.22,4.22,321997,0.019999999999999574
70,2017-10-05,4.22,4.23,4.12,4.13,4.13,448199,-0.08999999999999986
71,2017-10-06,4.16,4.3,4.15,4.27,4.27,207375,0.10999999999999943
72,2017-10-09,4.3,4.47,4.27,4.34,4.34,294785,0.040000000000000036
73,2017-10-10,4.36,4.38,4.23,4.29,4.29,296042,-0.07000000000000028
74,2017-10-11,4.31,4.35,4.21,4.3,4.3,301782,-0.009999999999999787
75,2017-10-12,4.32,4.38,4.32,4.37,4.37,411282,0.04999999999999982
76,2017-10-13,4.37,4.37,4.29,4.32,4.32,332867,-0.04999999999999982
77,2017-10-16,4.33,4.37,4.3,4.33,4.33,367510,0.0
78,2017-10-17,4.38,4.7,4.38,4.7,4.7,1213131,0.3200000000000003
79,2017-10-18,5.05,5.29,4.86,5.18,5.18,2406430,0.1299999999999999
80,2017-10-19,5.28,5.54,5.28,5.39,5.39,2113955,0.10999999999999943
81,2017-10-20,5.39,5.44,5.2,5.43,5.43,1099071,0.040000000000000036
82,2017-10-23,5.44,5.62,5.44,5.5,5.5,917243,0.05999999999999961
83,2017-10-24,5.53,5.59,5.33,5.44,5.44,986573,-0.08999999999999986
84,2017-10-25,5.45,5.5,5.43,5.45,5.45,441897,0.0
85,2017-10-26,5.45,5.45,5.18,5.37,5.37,530154,-0.08000000000000007
86,2017-10-27,5.4,5.55,5.355,5.37,5.37,545824,-0.03000000000000025
87,2017-10-30,5.45,5.48,5.15,5.3,5.3,740823,-0.15000000000000036
88,2017-10-31,5.3,5.3,5.09,5.2,5.2,610370,-0.09999999999999964
89,2017-11-01,5.22,5.3,5.1,5.17,5.17,993719,-0.04999999999999982
90,2017-11-02,5.2,5.27,5.135,5.15,5.15,802812,-0.04999999999999982
91,2017-11-03,5.18,5.25,5.16,5.2,5.2,1070104,0.020000000000000462
92,2017-11-06,5.26,5.51,5.23,5.49,5.49,1070372,0.23000000000000043
93,2017-11-07,5.55,5.7,5.38,5.42,5.42,907752,-0.1299999999999999
94,2017-11-08,5.49,5.63,5.43,5.43,5.43,628754,-0.0600000000000005
95,2017-11-09,5.49,5.53,5.37,5.47,5.47,484568,-0.020000000000000462
96,2017-11-10,5.48,5.73,5.47,5.62,5.62,807391,0.13999999999999968
97,2017-11-13,5.71,5.97,5.7,5.94,5.94,926094,0.23000000000000043
98,2017-11-14,6.0,6.0,5.72,5.8,5.8,775202,-0.20000000000000018
99,2017-11-15,5.84,5.85,5.6,5.79,5.79,708453,-0.04999999999999982
100,2017-11-16,5.38,5.62,5.23,5.5,5.5,3215509,0.1200000000000001
101,2017-11-17,5.5,5.6,5.43,5.46,5.46,909212,-0.040000000000000036
102,2017-11-20,5.44,5.8,5.44,5.72,5.72,1013108,0.27999999999999936
103,2017-11-21,5.72,5.76,5.62,5.71,5.71,656948,-0.009999999999999787
104,2017-11-22,5.7,5.78,5.61,5.65,5.65,645230,-0.04999999999999982
105,2017-11-23,5.65,5.65,5.35,5.36,5.36,946950,-0.29000000000000004
106,2017-11-24,5.37,5.37,5.1,5.23,5.23,1174816,-0.13999999999999968
107,2017-11-27,5.3,5.3,4.7,4.92,4.92,1894460,-0.3799999999999999
108,2017-11-28,4.95,5.24,4.81,5.2,5.2,1401445,0.25
109,2017-11-29,5.1,5.24,4.95,5.08,5.08,841097,-0.019999999999999574
110,2017-11-30,5.12,5.15,4.975,5.0,5.0,3764664,-0.1200000000000001
111,2017-12-01,5.01,5.12,4.75,4.8,4.8,1094218,-0.20999999999999996
112,2017-12-04,5.1,5.29,5.05,5.16,5.16,2160427,0.0600000000000005
113,2017-12-05,5.23,5.42,5.12,5.16,5.16,1555705,-0.07000000000000028
114,2017-12-06,5.16,5.23,4.9,4.92,4.92,1282487,-0.2400000000000002
115,2017-12-07,4.99,5.13,4.93,5.05,5.05,612296,0.05999999999999961
116,2017-12-08,5.05,5.21,5.01,5.14,5.14,945418,0.08999999999999986
117,2017-12-11,5.16,5.21,5.13,5.17,5.17,857205,0.009999999999999787
118,2017-12-12,5.19,5.27,5.19,5.26,5.26,1165229,0.0699999999999994
119,2017-12-13,5.27,5.29,5.1,5.15,5.15,1072477,-0.11999999999999922
120,2017-12-14,5.2,5.27,5.16,5.2,5.2,346987,0.0
121,2017-12-15,5.21,5.3,5.15,5.3,5.3,1275737,0.08999999999999986
122,2017-12-18,5.33,5.44,5.27,5.33,5.33,661304,0.0
123,2017-12-19,5.37,5.6,5.31,5.56,5.56,1143693,0.1899999999999995
124,2017-12-20,5.57,5.74,5.54,5.68,5.68,1061508,0.10999999999999943
125,2017-12-21,5.89,5.95,5.81,5.9,5.9,1893264,0.010000000000000675
126,2017-12-22,6.0,6.07,5.9,5.91,5.91,967198,-0.08999999999999986
127,2017-12-27,5.99,6.02,5.93,6.02,6.02,289408,0.02999999999999936
128,2017-12-28,6.04,6.055,5.98,6.04,6.04,385592,0.0
129,2017-12-29,6.04,6.04,5.955,5.97,5.97,289829,-0.07000000000000028
130,2018-01-02,6.0,6.31,6.0,6.26,6.26,859627,0.2599999999999998
131,2018-01-03,6.5,6.55,6.2,6.26,6.26,775104,-0.2400000000000002
132,2018-01-04,6.3,6.4,6.3,6.35,6.35,356236,0.04999999999999982
133,2018-01-05,6.39,6.79,6.39,6.65,6.65,1069829,0.2600000000000007
134,2018-01-08,6.75,7.0,6.57,6.6,6.6,931497,-0.15000000000000036
135,2018-01-09,6.77,6.82,6.58,6.66,6.66,986523,-0.10999999999999943
136,2018-01-10,6.67,6.68,6.33,6.46,6.46,976465,-0.20999999999999996
137,2018-01-11,6.43,6.56,6.31,6.43,6.43,768625,0.0
138,2018-01-12,6.45,6.53,6.44,6.5,6.5,825978,0.04999999999999982
139,2018-01-15,6.55,6.6,6.51,6.52,6.52,619928,-0.03000000000000025
140,2018-01-16,6.6,7.62,6.56,7.62,7.62,3209506,1.0200000000000005
141,2018-01-17,8.01,8.16,7.71,7.8,7.8,2661564,-0.20999999999999996
142,2018-01-18,7.89,7.95,7.4,7.5,7.5,2000631,-0.3899999999999997
143,2018-01-19,7.6,7.6,7.48,7.49,7.49,836463,-0.10999999999999943
144,2018-01-22,7.54,7.785,7.52,7.7,7.7,1213540,0.16000000000000014
145,2018-01-23,7.73,7.84,7.72,7.76,7.76,1284407,0.02999999999999936
146,2018-01-24,7.77,7.82,7.71,7.71,7.71,648927,-0.05999999999999961
147,2018-01-25,7.73,7.8,7.71,7.72,7.72,494897,-0.010000000000000675
148,2018-01-29,7.8,7.83,7.71,7.71,7.71,961133,-0.08999999999999986
149,2018-01-30,7.71,7.74,7.51,7.52,7.52,744821,-0.1900000000000004
150,2018-01-31,7.47,7.47,7.11,7.36,7.36,819374,-0.10999999999999943
151,2018-02-01,7.36,7.7,7.36,7.58,7.58,499403,0.21999999999999975
152,2018-02-02,7.5,7.65,7.5,7.55,7.55,668482,0.04999999999999982
153,2018-02-05,7.13,7.35,7.0,7.05,7.05,1391198,-0.08000000000000007
154,2018-02-06,6.61,6.89,6.4,6.45,6.45,2100513,-0.16000000000000014
155,2018-02-07,6.92,7.26,6.8,6.86,6.86,1704339,-0.05999999999999961
156,2018-02-08,6.99,7.01,6.8,6.85,6.85,969329,-0.14000000000000057
157,2018-02-09,6.67,6.77,6.5,6.6,6.6,1292880,-0.07000000000000028
158,2018-02-12,6.6,6.79,6.26,6.33,6.33,1376471,-0.2699999999999996
159,2018-02-13,6.5,6.76,6.46,6.46,6.46,1072733,-0.040000000000000036
160,2018-02-14,6.6,6.67,6.51,6.59,6.59,712100,-0.009999999999999787
161,2018-02-15,6.69,6.77,6.65,6.68,6.68,632894,-0.010000000000000675
162,2018-02-16,6.75,6.87,6.73,6.75,6.75,913813,0.0
163,2018-02-19,6.86,6.87,6.62,6.62,6.62,463008,-0.2400000000000002
164,2018-02-20,6.65,6.94,6.63,6.94,6.94,1004336,0.29000000000000004
165,2018-02-21,7.0,7.58,7.0,7.39,7.39,1918842,0.3899999999999997
166,2018-02-22,7.75,7.97,7.4,7.53,7.53,2841582,-0.21999999999999975
167,2018-02-23,7.63,7.65,7.0,7.19,7.19,1161579,-0.4399999999999995
168,2018-02-26,7.23,7.4,7.08,7.12,7.12,850555,-0.11000000000000032
169,2018-02-27,7.25,7.3,6.8,6.96,6.96,1180916,-0.29000000000000004
170,2018-02-28,7.04,7.325,6.9,7.23,7.23,871222,0.1900000000000004
171,2018-03-01,7.19,7.2,6.98,7.1,7.1,1167506,-0.09000000000000075
172,2018-03-02,7.05,7.29,6.98,7.19,7.19,1357658,0.14000000000000057
173,2018-03-05,7.2,7.37,7.03,7.36,7.36,1053014,0.16000000000000014
174,2018-03-06,7.43,7.55,7.3,7.54,7.54,1145431,0.11000000000000032
175,2018-03-07,7.58,7.76,7.49,7.68,7.68,2161187,0.09999999999999964
176,2018-03-08,7.7,7.77,7.665,7.68,7.68,1385011,-0.020000000000000462
177,2018-03-09,7.74,7.93,7.67,7.8,7.8,1906616,0.05999999999999961
178,2018-03-12,7.92,8.0,7.71,7.8,7.8,2764374,-0.1200000000000001
179,2018-03-13,7.87,7.87,7.76,7.8,7.8,1185352,-0.07000000000000028
180,2018-03-14,7.8,7.82,7.63,7.7,7.7,1174958,-0.09999999999999964
181,2018-03-15,7.78,7.78,7.32,7.57,7.57,1852050,-0.20999999999999996
182,2018-03-16,7.57,7.615,7.285,7.32,7.32,5299119,-0.25
183,2018-03-19,7.32,7.41,6.81,6.88,6.88,2367687,-0.4400000000000004
184,2018-03-20,6.71,6.96,6.33,6.93,6.93,2731773,0.21999999999999975
185,2018-03-21,7.0,7.3,7.0,7.15,7.15,1442222,0.15000000000000036
186,2018-03-22,7.22,7.29,7.0,7.15,7.15,721280,-0.0699999999999994
187,2018-03-23,6.9,7.13,6.83,7.13,7.13,1861884,0.22999999999999954
188,2018-03-26,7.02,7.08,6.69,6.7,6.7,1885478,-0.3199999999999994
189,2018-03-27,6.86,6.92,6.74,6.76,6.76,965691,-0.10000000000000053
190,2018-03-28,6.7,6.9,6.65,6.77,6.77,630180,0.0699999999999994
191,2018-03-29,6.76,6.77,6.44,6.44,6.44,911608,-0.3199999999999994
192,2018-04-03,6.35,6.4,5.93,6.0,6.0,1743780,-0.34999999999999964
193,2018-04-04,6.0,6.0,5.43,5.65,5.65,3988311,-0.34999999999999964
194,2018-04-05,5.7,5.95,5.7,5.8,5.8,1516288,0.09999999999999964
195,2018-04-06,5.8,5.82,5.32,5.45,5.45,2006742,-0.34999999999999964
196,2018-04-09,5.49,5.6,5.425,5.47,5.47,785746,-0.020000000000000462
197,2018-04-10,5.52,6.04,5.43,5.94,5.94,1322093,0.4200000000000008
198,2018-04-11,6.0,6.18,5.49,5.6,5.6,2488741,-0.40000000000000036
199,2018-04-12,5.45,5.46,5.26,5.35,5.35,2287078,-0.10000000000000053
200,2018-04-13,5.33,5.68,5.33,5.59,5.59,953382,0.2599999999999998
201,2018-04-16,5.61,5.78,5.58,5.62,5.62,464618,0.009999999999999787
202,2018-04-17,5.72,5.98,5.7,5.91,5.91,594689,0.1900000000000004
203,2018-04-18,5.98,6.15,5.92,6.0,6.0,981592,0.019999999999999574
204,2018-04-19,6.1,6.14,5.65,5.65,5.65,672767,-0.4499999999999993
205,2018-04-20,5.71,5.78,5.63,5.64,5.64,611474,-0.07000000000000028
206,2018-04-23,5.7,5.73,5.39,5.43,5.43,1035923,-0.27000000000000046
207,2018-04-24,5.46,5.61,5.41,5.57,5.57,341434,0.11000000000000032
208,2018-04-26,5.65,5.875,5.6,5.75,5.75,719775,0.09999999999999964
209,2018-04-27,5.78,5.95,5.77,5.95,5.95,503566,0.16999999999999993
210,2018-04-30,5.99,6.03,5.78,5.99,5.99,435720,0.0
211,2018-05-01,5.98,5.98,5.84,5.93,5.93,717109,-0.05000000000000071
212,2018-05-02,5.96,5.99,5.92,5.95,5.95,441263,-0.009999999999999787
213,2018-05-03,5.96,6.2,5.89,6.2,6.2,786834,0.2400000000000002
214,2018-05-04,6.2,6.29,6.12,6.17,6.17,747459,-0.03000000000000025
215,2018-05-07,6.21,6.37,6.21,6.3,6.3,1132161,0.08999999999999986
216,2018-05-08,6.31,6.48,6.245,6.45,6.45,712722,0.14000000000000057
217,2018-05-09,6.47,7.03,6.46,6.98,6.98,1454490,0.5100000000000007
218,2018-05-10,7.07,7.32,6.85,7.0,7.0,1454210,-0.07000000000000028
219,2018-05-11,7.0,7.03,6.6,6.84,6.84,766963,-0.16000000000000014
220,2018-05-14,6.85,6.98,6.85,6.96,6.96,466059,0.11000000000000032
221,2018-05-15,7.16,7.68,7.16,7.45,7.45,3130223,0.29000000000000004
222,2018-05-16,7.5,7.51,7.03,7.25,7.25,1743474,-0.25
223,2018-05-17,7.27,7.5,7.19,7.27,7.27,1306359,0.0
224,2018-05-18,7.27,7.35,7.06,7.07,7.07,694833,-0.1999999999999993
225,2018-05-21,7.07,7.17,7.02,7.04,7.04,786979,-0.03000000000000025
226,2018-05-22,7.1,7.36,6.9,7.17,7.17,1808029,0.07000000000000028
227,2018-05-23,7.19,7.2,7.06,7.2,7.2,717945,0.009999999999999787
228,2018-05-24,7.28,7.58,7.25,7.42,7.42,2551701,0.13999999999999968
229,2018-05-25,7.5,7.725,7.4,7.68,7.68,1543933,0.17999999999999972
230,2018-05-28,7.71,7.83,7.65,7.7,7.7,1139188,-0.009999999999999787
231,2018-05-29,7.75,7.9,7.73,7.79,7.79,1098229,0.040000000000000036
232,2018-05-30,7.75,7.78,7.38,7.4,7.4,1367064,-0.34999999999999964
233,2018-05-31,7.48,7.82,7.48,7.82,7.82,1759328,0.33999999999999986
234,2018-06-01,7.8,8.11,7.62,7.7,7.7,1478917,-0.09999999999999964
235,2018-06-04,7.9,8.15,7.8,8.15,8.15,1245551,0.25
236,2018-06-05,8.4,8.78,8.31,8.54,8.54,2326679,0.1399999999999988
237,2018-06-06,8.54,8.62,7.74,8.15,8.15,3733652,-0.3899999999999988
238,2018-06-07,8.26,8.28,7.8,8.18,8.18,1233713,-0.08000000000000007
239,2018-06-08,8.2,8.47,8.0,8.36,8.36,1530592,0.16000000000000014
240,2018-06-12,8.45,8.6,8.375,8.44,8.44,1793412,-0.009999999999999787
241,2018-06-13,8.46,8.55,8.41,8.43,8.43,1145450,-0.030000000000001137
242,2018-06-14,8.45,9.08,8.41,9.08,9.08,2287478,0.6300000000000008
243,2018-06-15,9.15,9.47,9.09,9.12,9.12,7692647,-0.030000000000001137
244,2018-06-18,9.18,9.18,8.68,8.9,8.9,1264673,-0.27999999999999936
245,2018-06-19,8.95,9.0,8.7,8.8,8.8,1203052,-0.14999999999999858
246,2018-06-20,8.84,8.94,8.7,8.81,8.81,1233112,-0.02999999999999936
247,2018-06-21,9.07,9.17,8.93,8.98,8.98,1380780,-0.08999999999999986
248,2018-06-22,8.97,8.98,8.56,8.72,8.72,1225666,-0.25
249,2018-06-25,8.74,8.92,8.65,8.87,8.87,812350,0.129999999999999
250,2018-06-26,8.8,8.85,8.64,8.76,8.76,726213,-0.040000000000000924
251,2018-06-27,8.75,8.97,8.73,8.94,8.94,825663,0.1899999999999995
252,2018-06-28,8.91,8.92,8.49,8.59,8.59,973755,-0.3200000000000003
253,2018-06-29,8.97,9.52,8.915,9.35,9.35,3454051,0.379999999999999
254,2018-07-02,9.42,9.77,9.42,9.55,9.55,1650001,0.13000000000000078
255,2018-07-03,9.65,9.87,9.26,9.44,9.44,1434311,-0.21000000000000085
256,2018-07-04,9.41,9.98,9.09,9.91,9.91,1846663,0.5
257,2018-07-05,10.08,10.08,9.73,9.92,9.92,1194539,-0.16000000000000014
258,2018-07-06,9.95,10.13,9.8,9.95,9.95,1135343,0.0
259,2018-07-09,10.0,10.35,9.89,10.25,10.25,1414006,0.25
260,2018-07-10,10.35,10.67,10.31,10.4,10.4,1894696,0.05000000000000071
261,2018-07-11,10.43,10.55,10.3,10.4,10.4,1282316,-0.02999999999999936
262,2018-07-12,10.5,10.97,10.45,10.85,10.85,1646554,0.34999999999999964
263,2018-07-13,11.07,11.4,10.94,10.98,10.98,2073182,-0.08999999999999986
264,2018-07-16,11.01,11.11,10.6,10.75,10.75,1796733,-0.2599999999999998
265,2018-07-17,10.65,10.74,10.36,10.44,10.44,1110609,-0.21000000000000085
266,2018-07-18,10.53,11.0,10.52,10.92,10.92,1086105,0.39000000000000057
267,2018-07-19,11.0,13.84,10.98,13.53,13.53,6194507,2.5299999999999994
268,2018-07-20,14.25,16.190001000000002,13.9,14.38,14.38,6703068,0.13000000000000078
269,2018-07-23,14.98,15.64,14.63,15.04,15.04,4010302,0.05999999999999872
270,2018-07-24,15.0,15.18,14.4,14.43,14.43,2386196,-0.5700000000000003
271,2018-07-25,14.47,15.05,14.46,14.75,14.75,1805348,0.27999999999999936
272,2018-07-26,14.8,14.8,13.9,13.99,13.99,2149825,-0.8100000000000005
273,2018-07-27,13.9,14.62,13.49,14.39,14.39,1534223,0.4900000000000002
274,2018-07-30,14.45,14.89,14.26,14.51,14.51,986736,0.0600000000000005
275,2018-07-31,14.52,14.54,13.8,14.18,14.18,1352086,-0.33999999999999986
276,2018-08-01,14.26,14.5,13.8,13.82,13.82,1527720,-0.4399999999999995
277,2018-08-02,14.09,14.45,13.72,13.75,13.75,1821693,-0.33999999999999986
278,2018-08-03,13.91,14.47,13.82,14.31,14.31,1371118,0.40000000000000036
279,2018-08-06,14.61,14.77,14.2,14.31,14.31,952571,-0.29999999999999893
280,2018-08-07,14.39,14.7,14.31,14.55,14.55,1064451,0.16000000000000014
281,2018-08-08,14.65,14.95,14.44,14.66,14.66,1304677,0.009999999999999787
282,2018-08-09,14.75,14.86,14.18,14.3,14.3,1049047,-0.4499999999999993
283,2018-08-10,14.37,14.65,14.21,14.57,14.57,811038,0.20000000000000107
284,2018-08-13,14.6,14.79,14.16,14.27,14.27,945136,-0.33000000000000007
285,2018-08-14,14.62,15.25,14.27,15.1,15.1,2346781,0.4800000000000004
286,2018-08-15,15.14,16.42,15.14,16.389999,16.389999,2701930,1.249998999999999
287,2018-08-16,16.15,16.629998999999998,15.89,16.25,16.25,1724364,0.10000000000000142
288,2018-08-17,16.35,16.870001000000002,16.299999,16.610001,16.610001,1726270,0.26000099999999904
289,2018-08-20,16.98,17.700001,16.799999,17.5,17.5,2779380,0.5199999999999996
290,2018-08-21,17.5,18.309998999999998,17.5,17.92,17.92,2221511,0.4200000000000017
291,2018-08-22,18.209999,18.83,17.83,18.549999,18.549999,3131120,0.33999999999999986
292,2018-08-23,18.209999,18.83,17.83,18.549999,18.549999,3131120,0.33999999999999986
293,2018-08-24,22.01,23.0,19.4,19.690001000000002,19.690001000000002,5486258,-2.3199989999999993
294,2018-08-27,20.0,21.42,19.99,21.129998999999998,21.129998999999998,3508124,1.129998999999998
295,2018-08-28,21.34,21.48,19.620001000000002,19.950001,19.950001,3799810,-1.3899989999999995
296,2018-08-29,19.950001,19.98,18.85,18.950001,18.950001,2981605,-1.0
297,2018-08-30,18.76,19.1,17.709999,18.02,18.02,3472683,-0.740000000000002
298,2018-08-31,17.5,18.719998999999998,17.26,18.129998999999998,18.129998999999998,3015035,0.629998999999998
299,2018-09-03,18.110001,18.940001000000002,17.559998999999998,17.65,17.65,2687012,-0.4600010000000019
300,2018-09-04,17.65,17.99,17.09,17.370001000000002,17.370001000000002,2124604,-0.27999899999999656
301,2018-09-05,17.5,17.780001000000002,16.51,16.719998999999998,16.719998999999998,2533558,-0.7800010000000022
302,2018-09-06,16.52,16.58,15.32,16.0,16.0,3844401,-0.5199999999999996
303,2018-09-07,15.44,15.8,14.95,15.0,15.0,3874902,-0.4399999999999995
304,2018-09-10,15.0,16.469998999999998,14.9,16.110001,16.110001,2997952,1.1100010000000005
305,2018-09-11,16.5,17.26,16.49,17.08,17.08,3308922,0.5799999999999983
306,2018-09-12,17.299999,17.5,16.645,17.059998999999998,17.059998999999998,1737506,-0.240000000000002
307,2018-09-13,17.24,17.48,16.5,16.57,16.57,1300503,-0.6699999999999982
308,2018-09-14,16.91,17.290001,16.57,17.27,17.27,1592038,0.35999999999999943
309,2018-09-17,17.27,17.4,16.700001,16.799999,16.799999,1379183,-0.4700009999999999
310,2018-09-18,16.700001,16.700001,15.44,15.94,15.94,2415155,-0.7600010000000008
311,2018-09-19,16.1,16.280001000000002,15.59,15.7,15.7,2432966,-0.40000000000000213
312,2018-09-20,15.56,15.79,15.07,15.1,15.1,2579799,-0.46000000000000085
313,2018-09-21,15.25,15.97,15.13,15.82,15.82,4234095,0.5700000000000003
314,2018-09-24,16.0,16.450001,15.86,16.23,16.23,1622339,0.23000000000000043
315,2018-09-25,16.16,16.200001,15.65,16.0,16.0,1098727,-0.16000000000000014
316,2018-09-26,16.24,17.0,16.16,16.969998999999998,16.969998999999998,1524296,0.7299989999999994
317,2018-09-27,17.25,17.85,16.700001,17.799999,17.799999,1846039,0.5499989999999997
318,2018-09-28,17.950001,18.5,17.82,17.950001,17.950001,2051438,0.0
319,2018-10-01,17.99,18.139999,17.32,17.389999,17.389999,911431,-0.6000009999999989
320,2018-10-02,17.530001000000002,17.82,17.24,17.43,17.43,810212,-0.10000100000000245
321,2018-10-03,17.440001000000002,17.860001,17.190001000000002,17.82,17.82,774605,0.379998999999998
322,2018-10-04,18.040001,18.4,17.6,17.74,17.74,1347418,-0.30000100000000174
323,2018-10-05,17.75,18.059998999999998,17.200001,17.700001,17.700001,1246626,-0.04999899999999968
324,2018-10-08,17.68,17.68,16.290001,16.73,16.73,1962499,-0.9499999999999993
325,2018-10-09,16.700001,16.75,15.54,15.97,15.97,2641212,-0.7300009999999997
326,2018-10-10,15.93,15.93,15.35,15.47,15.47,1895062,-0.4599999999999991
327,2018-10-11,14.48,14.6,13.58,13.76,13.76,4991010,-0.7200000000000006
328,2018-10-12,13.7,15.25,13.6,14.75,14.75,3278340,1.0500000000000007
329,2018-10-15,15.06,15.32,13.68,13.77,13.77,2686002,-1.290000000000001
330,2018-10-16,13.85,14.08,13.31,14.0,14.0,2224697,0.15000000000000036
331,2018-10-17,15.1,15.12,11.1,11.35,11.35,7278782,-3.75
332,2018-10-18,12.48,13.5,12.02,12.95,12.95,5830555,0.46999999999999886
333,2018-10-19,12.84,12.86,12.27,12.5,12.5,2287284,-0.33999999999999986
334,2018-10-22,12.42,13.05,12.17,12.85,12.85,1616905,0.4299999999999997
335,2018-10-23,13.0,13.25,12.63,12.64,12.64,1132574,-0.35999999999999943
336,2018-10-24,13.0,13.19,12.21,12.26,12.26,1244982,-0.7400000000000002
337,2018-10-25,11.88,11.93,11.58,11.72,11.72,2126303,-0.16000000000000014
338,2018-10-26,12.04,12.45,11.3,11.37,11.37,2084318,-0.6699999999999999
339,2018-10-29,11.5,11.7,11.06,11.31,11.31,1938463,-0.1899999999999995
340,2018-10-30,11.15,12.53,10.87,12.37,12.37,2235516,1.2199999999999989
341,2018-10-31,12.75,13.09,12.01,12.49,12.49,1972445,-0.2599999999999998
342,2018-11-01,12.91,13.0,12.6,12.96,12.96,1435796,0.05000000000000071
343,2018-11-02,13.09,13.725,12.8,13.08,13.08,1956832,-0.009999999999999787
344,2018-11-05,13.1,13.49,12.75,12.9,12.9,1149903,-0.1999999999999993
345,2018-11-06,12.9,13.31,12.67,13.0,13.0,990138,0.09999999999999964
346,2018-11-07,13.05,13.2,12.5,13.01,13.01,1081864,-0.040000000000000924
347,2018-11-08,14.03,14.99,14.01,14.45,14.45,2825174,0.41999999999999993
348,2018-11-09,13.8,13.97,13.195,13.49,13.49,2473192,-0.3100000000000005
349,2018-11-12,12.98,13.29,12.48,12.5,12.5,1810259,-0.4800000000000004
350,2018-11-13,11.8,12.05,11.51,11.75,11.75,2554694,-0.05000000000000071
351,2018-11-14,11.92,12.12,11.52,11.54,11.54,1953738,-0.3800000000000008
352,2018-11-15,11.5,11.78,11.32,11.69,11.69,1480490,0.1899999999999995
353,2018-11-16,11.95,13.49,11.52,12.89,12.89,3254336,0.9400000000000013
354,2018-11-19,12.98,12.99,11.6,11.76,11.76,2218951,-1.2200000000000006
355,2018-11-20,11.45,11.45,11.13,11.2,11.2,2305685,-0.25
356,2018-11-21,10.71,10.79,10.36,10.63,10.63,2707161,-0.08000000000000007
357,2018-11-22,10.9,11.39,10.86,11.12,11.12,1321656,0.21999999999999886
358,2018-11-23,11.11,11.36,10.98,11.29,11.29,573162,0.17999999999999972
359,2018-11-26,11.34,12.2,11.34,11.94,11.94,1456208,0.5999999999999996
360,2018-11-27,12.32,13.11,12.19,12.97,12.97,3015299,0.6500000000000004
361,2018-11-28,13.6,14.29,12.6,12.76,12.76,5527570,-0.8399999999999999
362,2018-11-29,13.4,13.96,12.99,13.87,13.87,3080853,0.46999999999999886
363,2018-11-30,13.86,14.65,13.61,14.42,14.42,3261982,0.5600000000000005
364,2018-12-03,14.85,14.97,14.06,14.06,14.06,2197942,-0.7899999999999991
365,2018-12-04,14.2,14.4,13.6,13.69,13.69,1894314,-0.5099999999999998
366,2018-12-05,12.9,13.8,12.79,13.69,13.69,1787706,0.7899999999999991
367,2018-12-06,13.68,13.68,12.89,12.96,12.96,1622412,-0.7199999999999989
368,2018-12-07,12.85,13.21,12.63,12.69,12.69,1666189,-0.16000000000000014
369,2018-12-10,12.48,12.48,11.87,11.97,11.97,1671937,-0.5099999999999998
370,2018-12-11,12.45,12.5,11.9,11.97,11.97,1427965,-0.47999999999999865
371,2018-12-12,12.03,12.7,11.97,12.55,12.55,1066943,0.5200000000000014
372,2018-12-13,12.7,13.265,12.61,13.05,13.05,1020297,0.3500000000000014
373,2018-12-14,13.05,13.13,12.12,12.3,12.3,1491769,-0.75
374,2018-12-17,12.01,12.87,11.86,12.84,12.84,1429343,0.8300000000000001
375,2018-12-18,12.24,12.48,12.1,12.12,12.12,1948733,-0.120000000000001
376,2018-12-19,12.25,12.4,11.81,11.98,11.98,1427227,-0.2699999999999996
377,2018-12-20,11.69,12.24,11.6,11.87,11.87,1467048,0.17999999999999972
378,2018-12-21,11.81,12.1,11.6,11.76,11.76,2041071,-0.05000000000000071
379,2018-12-24,11.67,11.98,11.36,11.71,11.71,1057865,0.040000000000000924
380,2018-12-27,12.27,12.58,12.25,12.42,12.42,1578944,0.15000000000000036
381,2018-12-28,12.5,12.5,11.99,12.14,12.14,900712,-0.35999999999999943
382,2018-12-31,12.25,12.65,12.22,12.4,12.4,1206193,0.15000000000000036
383,2019-01-02,12.4,12.67,11.78,12.0,12.0,2001990,-0.40000000000000036
384,2019-01-03,12.0,12.13,11.71,11.98,11.98,1092947,-0.019999999999999574
385,2019-01-04,11.8,12.25,11.74,12.08,12.08,966956,0.27999999999999936
386,2019-01-07,12.45,12.97,12.35,12.94,12.94,1918683,0.4900000000000002
387,2019-01-08,12.93,13.24,12.57,13.18,13.18,1776725,0.25
388,2019-01-09,13.26,13.74,13.26,13.6,13.6,1389882,0.33999999999999986
389,2019-01-10,13.79,13.97,13.45,13.7,13.7,1318436,-0.08999999999999986
390,2019-01-11,13.75,13.89,13.28,13.53,13.53,936357,-0.22000000000000064
391,2019-01-14,13.36,13.63,12.86,13.05,13.05,929159,-0.3099999999999987
392,2019-01-15,13.15,13.6,13.05,13.57,13.57,1349917,0.41999999999999993
393,2019-01-16,13.6,14.045,13.56,13.92,13.92,1523921,0.3200000000000003
394,2019-01-17,14.06,14.45,14.06,14.25,14.25,1739490,0.1899999999999995
395,2019-01-18,15.45,16.415001,15.1,16.1,16.1,7247455,0.6500000000000021
396,2019-01-21,16.48,16.969998999999998,15.19,15.25,15.25,4785592,-1.2300000000000004
397,2019-01-22,15.26,15.76,14.92,15.25,15.25,1919161,-0.009999999999999787
398,2019-01-23,15.0,15.73,15.0,15.24,15.24,1925171,0.2400000000000002
399,2019-01-24,15.57,15.94,15.17,15.6,15.6,1999775,0.02999999999999936
400,2019-01-25,15.7,16.35,15.5,16.24,16.24,2241637,0.5399999999999991
401,2019-01-29,16.200001,16.48,15.64,15.71,15.71,1605778,-0.49000099999999946
402,2019-01-30,16.0,16.27,15.65,15.72,15.72,1184069,-0.27999999999999936
403,2019-01-31,16.0,16.18,15.88,15.91,15.91,1490627,-0.08999999999999986
404,2019-02-01,16.110001,16.530001000000002,15.96,16.209999,16.209999,1938245,0.09999799999999937
405,2019-02-04,16.26,16.67,16.17,16.35,16.35,1227648,0.08999999999999986
406,2019-02-05,16.58,17.059998999999998,16.57,16.860001,16.860001,2361773,0.28000100000000216
407,2019-02-06,17.16,17.74,17.15,17.67,17.67,2162368,0.5100000000000016
408,2019-02-07,17.83,18.0,17.309998999999998,17.58,17.58,2325561,-0.25
409,2019-02-08,17.280001000000002,17.280001000000002,16.709999,17.1,17.1,1643019,-0.18000100000000074
410,2019-02-11,17.25,17.549999,16.93,17.139999,17.139999,938792,-0.11000100000000046
411,2019-02-12,17.26,17.85,17.139999,17.799999,17.799999,1455030,0.5399989999999981
412,2019-02-13,18.0,18.09,17.51,17.59,17.59,1528911,-0.41000000000000014
413,2019-02-14,17.549999,18.49,17.530001000000002,18.360001,18.360001,2106189,0.8100020000000008
414,2019-02-15,18.370001000000002,18.790001,18.299999,18.57,18.57,1764888,0.19999899999999826
415,2019-02-18,19.01,19.209999,18.66,18.870001000000002,18.870001000000002,1507171,-0.13999899999999954
416,2019-02-19,18.99,19.200001,18.77,18.92,18.92,1864921,-0.06999999999999673
417,2019-02-20,18.950001,19.190001000000002,16.9,17.440001000000002,17.440001000000002,3912120,-1.509999999999998
418,2019-02-21,17.450001,17.76,16.65,17.01,17.01,3659605,-0.44000099999999875
419,2019-02-22,16.790001,17.48,16.610001,17.200001,17.200001,1610139,0.41000000000000014
420,2019-02-25,20.0,20.690001000000002,18.950001,20.5,20.5,6438221,0.5
421,2019-02-26,18.9,20.0,17.799999,18.15,18.15,6442900,-0.75
422,2019-02-27,18.6,18.9,17.379998999999998,17.639999,17.639999,4282570,-0.9600010000000019
423,2019-02-28,17.700001,18.559998999999998,17.65,18.440001000000002,18.440001000000002,4147040,0.740000000000002
424,2019-03-01,18.5,19.98,18.42,19.57,19.57,4942296,1.0700000000000003
425,2019-03-04,20.120001000000002,21.09,19.84,19.99,19.99,4195254,-0.13000100000000359
426,2019-03-05,19.9,20.629998999999998,19.629998999999998,19.9,19.9,2399799,0.0
427,2019-03-06,20.1,20.129998999999998,19.450001,19.540001,19.540001,2291556,-0.5599990000000012
428,2019-03-07,19.379998999999998,19.84,18.959999,19.059998999999998,19.059998999999998,2616499,-0.3200000000000003
429,2019-03-08,19.0,19.82,18.620001000000002,19.629998999999998,19.629998999999998,3000793,0.629998999999998
430,2019-03-11,19.65,20.450001,19.6,20.209999,20.209999,2270563,0.5599990000000012
431,2019-03-12,20.540001,20.965,20.35,20.75,20.75,2440256,0.20999899999999982
432,2019-03-13,20.700001,20.809998999999998,20.01,20.16,20.16,1583258,-0.5400010000000002
433,2019-03-14,20.610001,20.84,20.1,20.799999,20.799999,1480493,0.18999799999999922
434,2019-03-15,20.9,21.1,20.34,20.549999,20.549999,2174157,-0.3500009999999989
435,2019-03-18,20.76,21.08,20.280001000000002,20.6,20.6,1705669,-0.16000000000000014
436,2019-03-19,20.77,20.799999,20.190001000000002,20.629998999999998,20.629998999999998,1404118,-0.1400010000000016
437,2019-03-20,20.450001,20.959999,20.25,20.76,20.76,1301108,0.30999900000000125
438,2019-03-21,20.610001,21.0,20.379998999999998,20.5,20.5,1144664,-0.11000100000000046
439,2019-03-22,20.719998999999998,21.0,20.58,20.65,20.65,896123,-0.06999899999999926
440,2019-03-25,20.15,20.200001,19.450001,19.549999,19.549999,2265707,-0.6000009999999989
441,2019-03-26,19.459999,19.75,19.280001000000002,19.6,19.6,1090318,0.1400010000000016
442,2019-03-27,19.620001000000002,20.08,19.610001,19.969998999999998,19.969998999999998,1169746,0.3499979999999958
443,2019-03-28,19.950001,20.639999,19.709999,20.42,20.42,1185503,0.4699990000000014
444,2019-03-29,20.5,21.040001,20.5,20.950001,20.950001,1860996,0.4500010000000003
445,2019-04-01,21.209999,22.59,21.209999,22.389999,22.389999,2837087,1.1799999999999997
446,2019-04-02,23.0,23.67,22.9,23.4,23.4,2830712,0.3999999999999986
447,2019-04-03,23.700001,24.129998999999998,23.049999,23.309998999999998,23.309998999999998,1792238,-0.3900020000000026
448,2019-04-04,23.299999,23.65,23.16,23.5,23.5,1147712,0.20000100000000032
449,2019-04-05,23.700001,24.719998999999998,23.65,24.4,24.4,2529197,0.6999989999999983
450,2019-04-08,24.799999,25.17,24.02,24.23,24.23,2260421,-0.5699989999999993
451,2019-04-09,24.41,24.889999,24.110001,24.66,24.66,1854812,0.25
452,2019-04-10,24.799999,25.35,24.709999,25.030001000000002,25.030001000000002,2431979,0.23000200000000248
453,2019-04-11,25.209999,25.59,24.98,25.549999,25.549999,1638703,0.33999999999999986
454,2019-04-12,25.75,25.85,25.209999,25.299999,25.299999,1824016,-0.4500010000000003
455,2019-04-15,25.459999,25.58,24.23,24.99,24.99,1859038,-0.4699990000000014
456,2019-04-16,24.780001000000002,25.15,24.34,24.799999,24.799999,2123924,0.019997999999997518
457,2019-04-17,24.85,24.98,23.34,23.34,23.34,2557156,-1.5100000000000016
458,2019-04-18,22.99,23.1,22.4,22.809998999999998,22.809998999999998,2264890,-0.18000100000000074
459,2019-04-23,22.860001,23.455,22.700001,22.93,22.93,1549149,0.06999899999999926
460,2019-04-24,23.379998999999998,23.84,22.940001000000002,23.75,23.75,2034162,0.370001000000002
461,2019-04-26,24.0,24.5,23.51,23.82,23.82,1293405,-0.17999999999999972
462,2019-04-29,23.860001,25.040001,23.85,24.92,24.92,1573306,1.0599990000000012
463,2019-04-30,25.5,25.700001,25.299999,25.59,25.59,1475299,0.08999999999999986
464,2019-05-01,25.9,27.48,25.799999,27.299999,27.299999,2625303,1.399999000000001
465,2019-05-02,27.4,28.200001,26.379998999999998,26.860001,26.860001,2202487,-0.5399989999999981
466,2019-05-03,27.75,28.25,27.129998999999998,27.65,27.65,2208004,-0.10000000000000142
467,2019-05-06,27.299999,27.629998999999998,26.15,27.5,27.5,1859484,0.20000100000000032
468,2019-05-07,28.0,28.700001,27.9,28.459999,28.459999,1728688,0.4599989999999998
469,2019-05-08,27.799999,27.879998999999998,26.51,26.559998999999998,26.559998999999998,2700758,-1.240000000000002
470,2019-05-09,26.950001,27.5,26.120001000000002,26.43,26.43,1811214,-0.5200010000000006
471,2019-05-10,26.5,26.75,25.700001,26.209999,26.209999,1417204,-0.2900010000000002
472,2019-05-13,26.0,26.450001,25.58,26.17,26.17,911571,0.1700000000000017
473,2019-05-14,25.15,26.09,24.690001000000002,26.0,26.0,1600326,0.8500000000000014
474,2019-05-15,26.35,26.82,26.040001,26.139999,26.139999,1010297,-0.21000100000000188
475,2019-05-16,26.08,26.459999,24.959999,25.459999,25.459999,1978730,-0.6200009999999985
476,2019-05-17,25.85,26.73,25.5,25.6,25.6,1705516,-0.25
477,2019-05-20,26.4,26.5,25.42,25.969998999999998,25.969998999999998,902985,-0.43000100000000074
478,2019-05-21,25.690001000000002,25.795,24.6,24.700001,24.700001,2760044,-0.990000000000002
479,2019-05-22,24.719998999999998,24.98,24.08,24.379998999999998,24.379998999999998,1590777,-0.33999999999999986
480,2019-05-23,24.23,25.219998999999998,24.23,25.08,25.08,1061611,0.8499999999999979
481,2019-05-24,24.66,24.73,23.860001,23.98,23.98,1137149,-0.6799999999999997
482,2019-05-27,23.99,24.389999,23.75,23.93,23.93,785630,-0.05999999999999872
483,2019-05-28,24.059998999999998,24.93,24.059998999999998,24.93,24.93,2216054,0.870001000000002
484,2019-05-29,24.530001000000002,25.18,24.52,25.049999,25.049999,830626,0.5199979999999975
485,2019-05-30,24.610001,24.940001000000002,24.0,24.040001,24.040001,1132915,-0.5700000000000003
486,2019-05-31,23.969998999999998,24.49,23.33,24.15,24.15,1082797,0.18000100000000074
487,2019-06-03,23.68,23.91,22.889999,23.18,23.18,1769764,-0.5
488,2019-06-04,22.75,23.049999,22.27,22.32,22.32,1999245,-0.4299999999999997
489,2019-06-05,23.030001000000002,24.57,22.950001,23.9,23.9,2439496,0.8699989999999964
490,2019-06-06,25.01,25.200001,22.959999,23.450001,23.450001,3680154,-1.5599990000000012
491,2019-06-07,23.5,24.370001000000002,22.950001,24.17,24.17,2484087,0.6700000000000017
492,2019-06-11,24.17,24.17,24.17,24.17,24.17,0,0.0
493,2019-06-12,24.6,26.49,24.4,25.639999,25.639999,6512239,1.0399989999999981
494,2019-06-13,23.98,24.799999,21.93,22.549999,22.549999,7689433,-1.4300010000000007
495,2019-06-14,22.790001,23.1,20.959999,21.59,21.59,5402663,-1.2000010000000003
496,2019-06-17,21.01,21.290001,19.98,20.27,20.27,4561013,-0.740000000000002
497,2019-06-18,20.200001,21.84,20.02,21.27,21.27,4091580,1.0699989999999993
498,2019-06-19,22.360001,22.65,21.709999,22.059998999999998,22.059998999999998,3045800,-0.30000200000000277
499,2019-06-20,22.35,23.49,22.299999,23.49,23.49,2321569,1.139999999999997
500,2019-06-21,23.74,24.15,23.1,23.85,23.85,5626139,0.11000000000000298
501,2019-06-24,23.5,24.799999,23.4,24.780001000000002,24.780001000000002,2909670,1.2800010000000022
502,2019-06-25,24.52,25.719998999999998,24.389999,25.719998999999998,25.719998999999998,3356474,1.1999989999999983
503,2019-06-26,25.870001000000002,27.389999,25.73,27.139999,27.139999,4306862,1.2699979999999975
504,2019-06-27,27.0,27.9,26.68,27.83,27.83,3377993,0.8299999999999983
505,2019-06-28,27.99,28.76,23.950001,25.07,25.07,6140059,-2.919999999999998
506,2019-07-01,22.52,24.68,22.5,24.4,24.4,7896847,1.879999999999999
507,2019-07-02,24.6,26.440001000000002,24.594998999999998,26.09,26.09,3406263,1.4899999999999984
508,2019-07-03,26.35,26.9,25.879998999999998,26.389999,26.389999,2151694,0.03999899999999812
509,2019-07-04,26.450001,27.469998999999998,26.23,27.0,27.0,2211668,0.5499989999999997
510,2019-07-05,27.0,27.24,26.1,26.84,26.84,2143651,-0.16000000000000014
511,2019-07-08,26.6,27.389999,26.25,27.0,27.0,1333615,0.3999999999999986
512,2019-07-09,26.450001,26.76,25.6,25.690001000000002,25.690001000000002,2111789,-0.759999999999998
513,2019-07-10,25.77,26.379998999999998,25.379998999999998,25.59,25.59,2132393,-0.17999999999999972
514,2019-07-11,25.59,25.940001000000002,25.07,25.49,25.49,1225560,-0.10000000000000142
515,2019-07-12,25.530001000000002,25.610001,24.285,24.48,24.48,2008837,-1.0500010000000017
516,2019-07-15,24.379998999999998,24.5,23.620001000000002,23.790001,23.790001,2055239,-0.5899979999999978
517,2019-07-16,24.0,24.389999,23.51,23.59,23.59,1085764,-0.41000000000000014
518,2019-07-17,23.549999,24.27,23.299999,23.809998999999998,23.809998999999998,1079984,0.259999999999998
519,2019-07-18,23.82,24.120001000000002,23.48,23.52,23.52,1075810,-0.3000000000000007
520,2019-07-19,23.41,24.299999,23.4,24.02,24.02,1409695,0.6099999999999994
521,2019-07-22,24.1,24.6,23.620001000000002,23.67,23.67,1103580,-0.4299999999999997
522,2019-07-23,23.67,24.719998999999998,23.65,24.68,24.68,1217010,1.009999999999998
523,2019-07-24,24.940001000000002,25.700001,24.83,25.309998999999998,25.309998999999998,1786906,0.3699979999999954
524,2019-07-25,25.549999,25.98,25.059998999999998,25.93,25.93,1355607,0.38000100000000003
525,2019-07-26,25.700001,26.299999,25.209999,26.139999,26.139999,2203146,0.4399979999999992
526,2019-07-29,26.469998999999998,27.219998999999998,26.42,27.18,27.18,2035111,0.7100010000000019
527,2019-07-30,27.299999,27.5,26.459999,26.610001,26.610001,1787172,-0.6899979999999992
528,2019-07-31,26.49,27.08,26.450001,26.74,26.74,1341743,0.25
529,2019-08-01,26.549999,27.145,25.860001,26.540001,26.540001,920158,-0.009997999999999507
530,2019-08-02,26.43,26.74,25.49,25.49,25.49,1227729,-0.9400000000000013
531,2019-08-05,25.65,25.870001000000002,24.030001000000002,24.059998999999998,24.059998999999998,1171681,-1.5900010000000009
532,2019-08-06,21.5,22.92,21.200001,22.34,22.34,5099117,0.8399999999999999
533,2019-08-07,23.0,23.450001,22.4,22.48,22.48,3030118,-0.5199999999999996
534,2019-08-08,22.5,23.08,22.15,22.780001000000002,22.780001000000002,1847200,0.28000100000000216
535,2019-08-09,24.4,24.9,23.35,24.17,24.17,3440710,-0.22999999999999687
536,2019-08-12,23.68,24.08,23.43,23.719998999999998,23.719998999999998,2296941,0.03999899999999812
537,2019-08-13,23.389999,23.709999,23.34,23.549999,23.549999,1918278,0.16000000000000014
538,2019-08-14,23.99,24.690001000000002,23.860001,24.65,24.65,1821664,0.6600000000000001
539,2019-08-15,23.129998999999998,23.700001,22.780001000000002,22.860001,22.860001,2937430,-0.2699979999999975
540,2019-08-16,23.02,23.940001000000002,23.02,23.26,23.26,2586090,0.240000000000002
541,2019-08-19,23.76,24.285,23.709999,24.27,24.27,1685870,0.509999999999998
542,2019-08-20,24.709999,25.18,24.43,25.02,25.02,3601225,0.31000099999999975
543,2019-08-21,24.51,24.790001,23.92,24.059998999999998,24.059998999999998,2005588,-0.45000100000000387
544,2019-08-22,24.57,24.92,24.209999,24.690001000000002,24.690001000000002,2527858,0.12000100000000202
545,2019-08-23,24.799999,24.93,24.24,24.540001,24.540001,1030354,-0.2599979999999995
546,2019-08-26,23.299999,24.23,23.26,24.0,24.0,1460015,0.7000010000000003
547,2019-08-27,24.65,26.0,24.52,25.870001000000002,25.870001000000002,2821343,1.2200010000000034
548,2019-08-28,26.299999,28.280001000000002,25.9,28.280001000000002,28.280001000000002,6334167,1.9800020000000025
549,2019-08-29,28.610001,29.68,27.52,29.620001000000002,29.620001000000002,3926796,1.0100000000000016
550,2019-08-30,29.870001000000002,31.07,29.719998999999998,30.98,30.98,4018453,1.1099989999999984
551,2019-09-02,30.9,31.459999,30.530001000000002,31.379998999999998,31.379998999999998,1945385,0.4799989999999994
552,2019-09-03,31.0,32.130001,30.870001000000002,31.93,31.93,1415938,0.9299999999999997
553,2019-09-04,31.379998999999998,32.049999,30.860001,31.809998999999998,31.809998999999998,2528825,0.4299999999999997
554,2019-09-05,32.029999,33.07,32.029999,32.560001,32.560001,2824512,0.5300020000000032
555,2019-09-06,33.279999,33.91,33.110001000000004,33.880001,33.880001,2353447,0.6000020000000035
556,2019-09-09,34.130001,34.279999,33.029999,33.869999,33.869999,2321859,-0.26000200000000007
557,2019-09-10,33.25,33.34,32.200001,32.470001,32.470001,2357880,-0.7799989999999966
558,2019-09-11,31.98,32.23,31.08,32.099998,32.099998,3123221,0.11999799999999894
559,2019-09-12,32.580002,33.189999,31.620001000000002,31.799999,31.799999,3817036,-0.7800030000000007
560,2019-09-13,32.290001000000004,32.599998,31.77,31.940001000000002,31.940001000000002,1293155,-0.3500000000000014
561,2019-09-16,31.6,32.66,31.6,32.0,32.0,2610105,0.3999999999999986
562,2019-09-17,31.98,32.220001,31.26,31.58,31.58,2879602,-0.40000000000000213
563,2019-09-18,31.879998999999998,32.779999,31.75,32.279999,32.279999,1701258,0.3999999999999986
564,2019-09-19,32.400002,32.990002000000004,32.310001,32.790001000000004,32.790001000000004,1650343,0.3899990000000031
565,2019-09-20,33.02,33.634997999999996,32.900002,33.049999,33.049999,4316860,0.029998999999996556
566,2019-09-23,33.490002000000004,33.490002000000004,31.719998999999998,32.23,32.23,2087711,-1.2600020000000072
567,2019-09-24,32.23,32.509997999999996,31.549999,31.77,31.77,2139596,-0.4599999999999973
568,2019-09-25,33.349998,36.650002,32.810001,36.0,36.0,4196163,2.6500020000000006
569,2019-09-26,36.34,37.119999,35.259997999999996,35.52,35.52,2307699,-0.8200000000000003
570,2019-09-27,35.799999,36.619999,35.689999,36.57,36.57,2292606,0.7700010000000006
571,2019-09-30,36.57,36.900002,35.669998,35.869999,35.869999,1554464,-0.7000010000000003
572,2019-10-01,35.860001000000004,35.869999,34.75,35.290001000000004,35.290001000000004,2017023,-0.5700000000000003
573,2019-10-02,34.549999,35.98,34.549999,35.360001000000004,35.360001000000004,1695428,0.8100020000000043
574,2019-10-03,34.360001000000004,34.48,33.369999,34.290001000000004,34.290001000000004,2681591,-0.07000000000000028
575,2019-10-04,34.599998,34.799999,34.064999,34.150002,34.150002,1740641,-0.44999599999999873
576,2019-10-07,34.5,35.279999,34.380001,34.919998,34.919998,1223637,0.41999799999999965
577,2019-10-08,34.68,34.82,33.43,34.650002,34.650002,1881339,-0.02999799999999908
578,2019-10-09,33.700001,35.02,33.380001,34.880001,34.880001,3629467,1.1799999999999997
579,2019-10-10,34.919998,35.540001000000004,34.880001,35.07,35.07,1902151,0.15000200000000063
580,2019-10-11,35.25,35.709998999999996,34.965,35.119999,35.119999,1519760,-0.13000100000000003
581,2019-10-14,35.990002000000004,36.34,35.830002,36.099998,36.099998,1948388,0.10999599999999532
582,2019-10-15,37.0,37.41,36.395,36.560001,36.560001,1650819,-0.43999900000000025
583,2019-10-16,36.09,36.099998,33.5,33.919998,33.919998,4824840,-2.1700020000000038
584,2019-10-17,33.889998999999996,33.98,31.639999,31.98,31.98,7005111,-1.9099989999999956
585,2019-10-18,31.33,31.620001000000002,29.209999,29.65,29.65,6075511,-1.6799999999999997
586,2019-10-21,27.99,29.299999,27.25,28.66,28.66,4912534,0.6700000000000017
587,2019-10-22,28.700001,29.530001000000002,28.639999,29.209999,29.209999,3208464,0.5099979999999995
588,2019-10-23,29.440001000000002,30.23,29.129998999999998,29.780001000000002,29.780001000000002,2577088,0.33999999999999986
589,2019-10-24,30.5,30.73,28.68,29.01,29.01,3447345,-1.4899999999999984
590,2019-10-25,29.5,30.17,29.299999,29.299999,29.299999,2048241,-0.20000100000000032
591,2019-10-28,29.6,29.77,28.530001000000002,28.65,28.65,1809590,-0.9500000000000028
592,2019-10-29,28.73,29.25,28.299999,29.1,29.1,1291367,0.370000000000001
593,2019-10-30,29.219998999999998,29.41,28.08,28.24,28.24,1357769,-0.9799989999999994
594,2019-10-31,28.5,29.049999,28.280001000000002,28.860001,28.860001,1203975,0.36000100000000046
595,2019-11-01,28.52,28.530001000000002,27.15,27.450001,27.450001,2090158,-1.0699989999999993
596,2019-11-04,27.799999,27.950001,27.01,27.379998999999998,27.379998999999998,1752390,-0.4200000000000017
597,2019-11-05,27.26,27.76,26.74,27.129998999999998,27.129998999999998,1419134,-0.13000100000000359
598,2019-11-06,27.1,27.129998999999998,25.83,25.940001000000002,25.940001000000002,2000295,-1.1599989999999991
599,2019-11-07,26.25,26.73,25.73,26.24,26.24,2275321,-0.010000000000001563
600,2019-11-08,26.73,27.389999,26.35,26.969998999999998,26.969998999999998,2046426,0.2399989999999974
601,2019-11-11,28.059998999999998,28.57,27.84,28.200001,28.200001,3160537,0.14000200000000262
602,2019-11-12,29.030001000000002,29.790001,28.76,29.190001000000002,29.190001000000002,2742480,0.16000000000000014
603,2019-11-13,31.1,31.98,27.809998999999998,29.370001000000002,29.370001000000002,4944505,-1.7299989999999994
604,2019-11-14,30.15,31.98,30.139999,31.57,31.57,5269722,1.4200000000000017
605,2019-11-15,31.790001,33.279999,31.5,32.91,32.91,2536882,1.1199989999999964
606,2019-11-18,33.099998,33.43,31.700001,32.25,32.25,2253749,-0.8499979999999994
607,2019-11-19,32.299999,32.400002,30.879998999999998,31.34,31.34,2338193,-0.9599989999999998
608,2019-11-20,31.27,31.780001000000002,30.76,31.5,31.5,1284070,0.23000000000000043
609,2019-11-21,31.32,31.450001,30.219998999999998,30.4,30.4,1329740,-0.9200000000000017
610,2019-11-22,30.85,31.280001000000002,30.379998999999998,30.49,30.49,882857,-0.360000000000003
611,2019-11-25,32.259997999999996,34.049999,31.85,32.639998999999996,32.639998999999996,2450396,0.38000100000000003
612,2019-11-26,33.400002,33.470001,32.049999,32.189999,32.189999,1586379,-1.2100030000000004
613,2019-11-27,32.200001,32.299999,31.219998999999998,32.080002,32.080002,1190157,-0.11999899999999997
614,2019-11-28,32.240002000000004,32.700001,32.139998999999996,32.490002000000004,32.490002000000004,1324010,0.25
615,2019-11-29,32.32,33.130001,31.57,31.6,31.6,1946923,-0.7199999999999989
616,2019-12-02,31.639999,31.709999,30.559998999999998,31.17,31.17,1588686,-0.46999899999999784
617,2019-12-03,30.6,30.700001,30.110001,30.469998999999998,30.469998999999998,1359747,-0.13000100000000359
618,2019-12-04,29.799999,30.02,28.780001000000002,29.08,29.08,1982953,-0.7199990000000014
619,2019-12-05,29.700001,31.860001,29.58,29.75,29.75,2207618,0.04999899999999968
620,2019-12-06,29.9,29.969998999999998,28.93,29.9,29.9,1358291,0.0
621,2019-12-09,30.0,30.299999,29.35,29.879998999999998,29.879998999999998,1302705,-0.12000100000000202
622,2019-12-10,29.59,30.08,29.0,29.879998999999998,29.879998999999998,935142,0.2899989999999981
623,2019-12-11,30.030001000000002,30.09,29.209999,29.469998999999998,29.469998999999998,869893,-0.5600020000000043
624,2019-12-12,29.459999,29.49,28.709999,28.870001000000002,28.870001000000002,855076,-0.5899979999999978
625,2019-12-13,28.879998999999998,29.15,28.35,28.700001,28.700001,875476,-0.17999799999999766
626,2019-12-16,28.57,29.5,28.389999,29.26,29.26,978332,0.6900000000000013
627,2019-12-17,29.5,30.059998999999998,28.700001,28.790001,28.790001,905542,-0.7099989999999998
628,2019-12-18,28.75,29.540001,28.58,29.1,29.1,1019506,0.3500000000000014
629,2019-12-19,29.42,29.799999,28.690001000000002,28.780001000000002,28.780001000000002,1417375,-0.6399989999999995
630,2019-12-20,29.0,29.42,28.620001000000002,29.27,29.27,1420410,0.2699999999999996
631,2019-12-23,29.299999,29.74,28.74,29.48,29.48,1092843,0.18000100000000074
632,2019-12-24,29.5,29.76,29.049999,29.200001,29.200001,568100,-0.2999989999999997
633,2019-12-27,29.6,30.709999,29.48,30.58,30.58,880495,0.9799999999999969
634,2019-12-30,30.700001,30.85,29.9,30.110001,30.110001,794920,-0.5899999999999999
635,2019-12-31,29.75,29.99,29.040001,29.280001000000002,29.280001000000002,2097917,-0.46999899999999784
636,2020-01-02,29.280001000000002,30.709999,29.280001000000002,30.629998999999998,30.629998999999998,1262345,1.3499979999999958
637,2020-01-03,30.98,31.17,30.18,30.27,30.27,1307590,-0.7100000000000009
638,2020-01-06,30.0,30.139999,29.49,29.99,29.99,976326,-0.010000000000001563
639,2020-01-07,30.26,30.540001,29.934998999999998,30.41,30.41,1036410,0.14999999999999858
640,2020-01-08,30.42,30.5,29.219998999999998,30.08,30.08,1399559,-0.3400000000000034
641,2020-01-09,30.68,31.15,30.469998999999998,30.57,30.57,1157840,-0.10999999999999943
642,2020-01-10,30.959999,31.34,30.469998999999998,31.129998999999998,31.129998999999998,1395336,0.16999999999999815
643,2020-01-13,31.0,32.740002000000004,30.66,32.529999,32.529999,2141614,1.5299989999999966
644,2020-01-14,32.93,33.939999,32.799999,33.200001,33.200001,1653432,0.2700010000000006
645,2020-01-15,33.400002,33.52,32.75,32.799999,32.799999,1041115,-0.600003000000001
646,2020-01-16,33.200001,33.43,32.959998999999996,33.240002000000004,33.240002000000004,856140,0.04000100000000373
647,2020-01-17,33.450001,33.790001000000004,33.02,33.220001,33.220001,1555591,-0.22999999999999687
648,2020-01-20,33.470001,34.189999,33.450001,34.0,34.0,1554336,0.5299989999999966
649,2020-01-21,34.189999,34.349998,33.709998999999996,34.330002,34.330002,1363915,0.1400030000000001
650,2020-01-22,34.59,35.18,34.450001,34.82,34.82,2322339,0.22999999999999687
651,2020-01-23,34.830002,36.18,34.41,36.119999,36.119999,1859330,1.2899969999999996
652,2020-01-24,36.419998,37.150002,36.25,37.0,37.0,1717260,0.5800020000000004
653,2020-01-28,34.799999,36.98,34.5,36.700001,36.700001,2704127,1.9000020000000006
654,2020-01-29,36.849998,38.060001,36.830002,37.990002000000004,37.990002000000004,1894902,1.1400040000000047
655,2020-01-30,37.939999,38.360001000000004,37.470001,37.799999,37.799999,1912118,-0.14000000000000057
656,2020-01-31,37.98,38.689999,37.900002,38.549999,38.549999,2157988,0.5699990000000028
657,2020-02-03,37.57,38.299999,37.150002,38.060001,38.060001,1712505,0.49000099999999946
658,2020-02-04,38.5,39.98,38.389998999999996,39.880001,39.880001,2086097,1.380001
659,2020-02-05,40.150002,40.73,38.599998,39.200001,39.200001,2444282,-0.9500010000000003
660,2020-02-06,39.700001,39.860001000000004,38.150002,38.990002000000004,38.990002000000004,2866647,-0.7099989999999963
661,2020-02-07,38.880001,39.639998999999996,38.459998999999996,39.439999,39.439999,2047074,0.5599980000000002
662,2020-02-10,39.330002,39.75,38.360001000000004,38.52,38.52,1653058,-0.8100019999999972
663,2020-02-11,38.75,39.43,38.549999,39.389998999999996,39.389998999999996,1166962,0.639998999999996
664,2020-02-12,39.07,39.27,38.48,38.610001000000004,38.610001000000004,1620208,-0.45999899999999627
665,2020-02-13,38.549999,39.119999,38.490002000000004,38.560001,38.560001,1012715,0.010002000000000066
666,2020-02-14,38.5,38.950001,38.049999,38.610001000000004,38.610001000000004,1756046,0.11000100000000401
667,2020-02-17,38.709998999999996,39.869999,38.630001,39.52,39.52,3134249,0.8100010000000069
668,2020-02-18,39.549999,39.959998999999996,38.810001,39.869999,39.869999,1508460,0.3200000000000003
669,2020-02-19,39.849998,40.610001000000004,39.310001,40.5,40.5,1368093,0.6500020000000006
670,2020-02-20,41.0,41.139998999999996,38.880001,39.259997999999996,39.259997999999996,2194115,-1.740002000000004
671,2020-02-21,39.279999,39.700001,38.349998,38.990002000000004,38.990002000000004,1597142,-0.2899969999999925
672,2020-02-24,38.049999,38.610001000000004,36.950001,36.970001,36.970001,1656175,-1.0799979999999962
673,2020-02-25,35.0,37.689999,34.5,37.029999,37.029999,3887959,2.0299989999999966
674,2020-02-26,35.73,36.400002,35.200001,35.970001,35.970001,2866143,0.24000100000000657
675,2020-02-27,34.5,38.349998,33.470001,36.470001,36.470001,4289724,1.9700010000000034
676,2020-02-28,34.0,34.240002000000004,32.080002,33.169998,33.169998,8773321,-0.8300020000000004
677,2020-03-02,32.18,33.349998,31.299999,32.639998999999996,32.639998999999996,4427629,0.45999899999999627
678,2020-03-03,34.0,35.349998,33.990002000000004,34.66,34.66,4153693,0.6599999999999966
679,2020-03-05,34.310001,34.68,33.689999,34.369999,34.369999,3074899,0.05999800000000022
